pathway	description	FG_1	FG_2	FG_3	WG_1	WG_2	WG_3
1CMET2-PWY	N10-formyl-tetrahydrofolate biosynthesis	47404.4131539934	40080.87722647318	49875.66778323752	53231.71807276383	48963.41498391145	41490.339400370445
3-HYDROXYPHENYLACETATE-DEGRADATION-PWY	4-hydroxyphenylacetate degradation	1541.7328057000584	21665.772397609453	4761.773529232526	2705.2643281809032	22366.94715766248	1235.333980217198
AEROBACTINSYN-PWY	aerobactin biosynthesis	315.36877401249563	266.7825408000064	966.8495067754336	270.6742008655765	525.2192190345668	242.05481125536332
ALL-CHORISMATE-PWY	superpathway of chorismate metabolism	7642.531371327285	9909.766053781448	16685.968334050584	9343.5104208458	9623.335515111314	5724.595988638228
ANAEROFRUCAT-PWY	homolactic fermentation	34300.19980512409	39347.43590108753	39963.44213945294	38504.73179017499	48874.99849655119	19549.8465588477
ANAGLYCOLYSIS-PWY	glycolysis III (from glucose)	65799.66814267529	41400.098334268776	53545.73036825262	58960.54391240474	53515.12318812876	48280.96167852097
ARG+POLYAMINE-SYN	superpathway of arginine and polyamine biosynthesis	14604.166889652028	18915.28344252231	16684.419799625288	12002.069668425707	19002.184406179236	5625.976795585082
ARGDEG-PWY	superpathway of L-arginine, putrescine, and 4-aminobutanoate degradation	2322.737997654987	1833.473472489752	7425.853519704631	5258.069201375471	3079.9947480518663	1643.517080770522
ARGORNPROST-PWY	arginine, ornithine and proline interconversion	2835.1008971220303	3781.192370339256	8190.056306253421	4171.5747761354205	3810.2035536652656	2495.756009585303
ARGSYN-PWY	L-arginine biosynthesis I (via L-ornithine)	52502.75814686588	39766.28266399621	45241.62180484372	48835.27199557849	49298.59505879148	34632.82447030419
ARGSYNBSUB-PWY	L-arginine biosynthesis II (acetyl cycle)	53685.61222385511	37849.02533083836	41426.33687856215	41592.63012924691	43844.845282383394	28842.12253497396
ARO-PWY	chorismate biosynthesis I	60308.8953799942	43509.15009744841	51497.6980502275	55469.7874614173	54814.64700520748	40712.35438768146
ASPASN-PWY	superpathway of L-aspartate and L-asparagine biosynthesis	27853.621536642408	11270.62800576412	24883.197473193057	35701.40758215863	17567.39589341028	33712.30580550696
AST-PWY	L-arginine degradation II (AST pathway)	3951.5058752991977	3654.848740340016	9430.667216310268	9433.660344921502	4292.957966944801	4022.1415327194377
BENZCOA-PWY	anaerobic aromatic compound degradation (Thauera aromatica)	0.0	0.0	0.0	0.0	0.0	0.4683541835894488
BIOTIN-BIOSYNTHESIS-PWY	biotin biosynthesis I	30305.233148609183	42080.3980580805	37649.922640090605	36351.35465643707	51615.64866298447	22372.99835241321
BRANCHED-CHAIN-AA-SYN-PWY	superpathway of branched amino acid biosynthesis	81940.39975927232	55625.87280494276	74198.04434229223	85296.4679640392	73015.71887890433	69758.75349639557
CALVIN-PWY	Calvin-Benson-Bassham cycle	61476.012951421966	40702.93081417324	55164.14049754475	60086.34899200683	52152.78069536306	48165.36538027269
CATECHOL-ORTHO-CLEAVAGE-PWY	catechol degradation to &beta;-ketoadipate	5194.385902702529	16709.6697795356	12387.424512403775	12911.846850634189	19546.357864854926	8993.995104069476
CENTBENZCOA-PWY	benzoyl-CoA degradation II (anaerobic)	0.0	0.0	0.0	0.0	0.0	0.3323442136498516
CENTFERM-PWY	pyruvate fermentation to butanoate	615.2578906888388	773.0297591306801	2184.9259069490886	263.1640965490988	2014.7287899053472	909.7205904450587
CHLOROPHYLL-SYN	chlorophyllide a biosynthesis I (aerobic, light-dependent)	177.88182216983483	204.9878101454543	838.2785210603257	203.32377981826744	129.1663524968134	110.91084635058488
COA-PWY	coenzyme A biosynthesis I	60483.79880779431	37155.79636956958	48361.40292097446	52836.39645342707	46320.23413969182	41825.26898731888
COBALSYN-PWY	adenosylcobalamin salvage from cobinamide I	16566.340794224303	23217.170964581517	24192.385876745822	22287.584209363653	27312.979569541385	15050.87303228873
CODH-PWY	reductive acetyl coenzyme A pathway	66.75733351208521	53.70273956683161	0.0	11.989248837157216	14.980585205063376	26.948311949086207
COLANSYN-PWY	colanic acid building blocks biosynthesis	31198.537802856663	27308.24426497082	39914.13159935256	44292.673013837935	36570.70120487118	33508.07026962477
COMPLETE-ARO-PWY	superpathway of aromatic amino acid biosynthesis	61804.01976665371	45993.504902824985	54497.272083890086	58876.36002924645	58089.03714150174	43458.12333187133
CRNFORCAT-PWY	creatinine degradation I	1962.0754543457845	4140.91118840177	6352.664479269205	4658.764564761216	2518.1812684515767	2533.652630246424
DAPLYSINESYN-PWY	L-lysine biosynthesis I	59381.22529011386	42133.47839078858	49844.68327117831	52296.78622927041	52910.96003232514	36553.25206111556
DENITRIFICATION-PWY	nitrate reduction I (denitrification)	1009.498566591973	7145.007577973244	4619.508109947281	1910.7403756052809	9193.536129888606	857.2027211648349
DENOVOPURINE2-PWY	superpathway of purine nucleotides de novo biosynthesis II	36349.16901873758	30866.84451544033	26938.124400291374	22484.458594073916	40023.0909139707	11402.32641708623
DHGLUCONATE-PYR-CAT-PWY	glucose degradation (oxidative)	374.5271286651051	1140.4540322065984	1946.319941700936	630.8481276811942	441.1670608809171	286.8270882668027
DTDPRHAMSYN-PWY	dTDP-L-rhamnose biosynthesis I	73380.64031712378	42655.50597822225	58115.66725882709	75345.7797240029	57879.58480404052	64604.42513655726
ECASYN-PWY	enterobacterial common antigen biosynthesis	742.7098245315094	1318.0191975088485	1827.116665221722	517.915110609628	980.8611946151487	421.55885997260526
ENTBACSYN-PWY	enterobactin biosynthesis	7213.280416490429	15050.45746866019	15197.095311258274	9697.684353826917	18247.52760927119	5274.350406529569
FAO-PWY	fatty acid &beta;-oxidation I	42016.706781559806	78320.38599453343	72801.85608226706	80284.87210470541	89408.99263638975	58185.20827247727
FASYN-ELONG-PWY	fatty acid elongation -- saturated	69480.99016023471	71191.08065920493	81805.4475593279	102992.03294158464	93696.8407418275	87827.61793469959
FASYN-INITIAL-PWY	superpathway of fatty acid biosynthesis initiation (E. coli)	60327.81526062624	60546.59653213037	71355.95057077956	83333.66170448984	79474.62546569052	69148.41953250971
FERMENTATION-PWY	mixed acid fermentation	31210.589588358696	40787.09235971116	44300.00317922804	52346.62254666581	54802.54521435496	43849.56764846415
FOLSYN-PWY	superpathway of tetrahydrofolate biosynthesis and salvage	39768.26249778653	38597.52058763512	48688.88809170399	50309.12252329494	46006.58014298693	35226.17767550157
FUC-RHAMCAT-PWY	superpathway of fucose and rhamnose degradation	407.0969702622133	382.90138187476816	1005.324798504618	250.69972185893147	1283.1648014689988	300.55037712837753
FUCCAT-PWY	fucose degradation	306.80199392223113	237.2297967488065	773.70451967013	196.3308737996856	1358.9694465779862	430.48268342729074
GALACT-GLUCUROCAT-PWY	superpathway of hexuronide and hexuronate degradation	13308.702734228627	9253.276218854697	20155.1277227247	26134.92883575132	14565.202121630417	22105.064573541425
GALACTARDEG-PWY	D-galactarate degradation I	1073.7696821772277	1698.50945242664	3256.682090433116	1010.981697251183	2002.471948814095	664.0892683138651
GALACTUROCAT-PWY	D-galacturonate degradation I	41657.10701267939	17201.64031190728	32538.916046042094	41522.77266620117	25639.46700292371	36227.61078721769
GALLATE-DEGRADATION-I-PWY	gallate degradation II	1870.4212835661529	10136.543229848305	5140.690695264813	3459.595086719273	9073.92854074306	1725.4086072508744
GALLATE-DEGRADATION-II-PWY	gallate degradation I	1139.8569009583066	1566.634376601222	3502.483812188558	1839.288853426787	1472.3835556565757	1232.88728006455
GLCMANNANAUT-PWY	superpathway of N-acetylglucosamine, N-acetylmannosamine and N-acetylneuraminate degradation	10861.255547887184	1436.505201859925	5160.767826913752	2000.2529453330767	1812.7915133798656	954.3367158113476
GLUCARDEG-PWY	D-glucarate degradation I	1084.7885495747682	1709.079960587116	3283.885559832097	1015.2840925345008	2017.0499653467523	665.2735963229327
GLUCARGALACTSUPER-PWY	superpathway of D-glucarate and D-galactarate degradation	1073.7696821772277	1698.50945242664	3256.682090433116	1010.981697251183	2002.471948814095	664.0892683138651
GLUCONEO-PWY	gluconeogenesis I	51295.39889137274	43491.65787895356	54173.5760349595	61835.9102782754	54670.52108876924	50551.45241924993
GLUCOSE1PMETAB-PWY	glucose and glucose-1-phosphate degradation	5317.820571808495	22767.941391992197	11421.94671074312	9916.69484560773	28924.17689314441	3061.846650339434
GLUCUROCAT-PWY	superpathway of &beta;-D-glucuronide and D-glucuronate degradation	11124.512226872084	8787.333501792684	18151.18107705933	23150.14443393453	13691.359543523864	19090.65188778809
GLUTORN-PWY	L-ornithine biosynthesis	50734.91084072785	40731.631081081054	44404.32775810985	51576.57540102819	51450.05607314906	42849.72410387399
GLYCOCAT-PWY	glycogen degradation I (bacterial)	38942.3220081882	16075.084581492913	21994.99568606288	21134.54760739607	21393.531871781117	12512.088409664486
GLYCOGENSYNTH-PWY	glycogen biosynthesis I (from ADP-D-Glucose)	61319.08204181244	28510.832409531293	41365.92730792805	49204.63188072895	34642.04698204171	40307.953873422935
GLYCOL-GLYOXDEG-PWY	superpathway of glycol metabolism and degradation	195.47202681007897	201.23433082649368	467.8021488823321	92.25395431339189	736.5830440834752	103.8803777024409
GLYCOLYSIS	glycolysis I (from glucose 6-phosphate)	41680.33909640501	42257.18503240176	48883.72370200264	52235.31001542006	53608.47868126096	40262.56090676076
GLYCOLYSIS-E-D	superpathway of glycolysis and Entner-Doudoroff	30568.54338468233	39503.62771633669	42779.01773134417	44265.78539006704	50159.15117431872	29313.857009445685
GLYCOLYSIS-TCA-GLYOX-BYPASS	superpathway of glycolysis, pyruvate dehydrogenase, TCA, and glyoxylate bypass	29750.65429754555	43397.77274684872	46834.02581110614	49221.59239082832	53590.13071866296	32021.035521336365
GLYOXYLATE-BYPASS	glyoxylate cycle	16252.333084216983	38320.49061336288	35176.92353275052	37774.679294810085	45712.99601516652	23426.500719371663
GOLPDLCAT-PWY	superpathway of glycerol degradation to 1,3-propanediol	171.51801392531388	45.293382848457554	550.0274300607056	194.7060701489832	296.8842987666374	98.38704067082028
HCAMHPDEG-PWY	3-phenylpropanoate and 3-(3-hydroxyphenyl)propanoate degradation to 2-oxopent-4-enoate	443.4030587319886	387.8916494344905	1270.7104627892832	680.7129606063274	315.83782328348985	223.64736394352823
HEME-BIOSYNTHESIS-II	heme biosynthesis I (aerobic)	25111.84685587785	34446.34204036914	42285.313581102455	49598.2096634642	44033.76246475928	39957.37322276275
HEMESYN2-PWY	heme biosynthesis II (anaerobic)	35027.19849052974	41109.96854243689	51671.0409385742	59206.79538304592	51700.151965968704	47108.22256602085
HEXITOLDEGSUPER-PWY	superpathway of hexitol degradation (bacteria)	1635.6975536596065	1885.3513702543505	5036.79896706506	1331.032313760106	2812.7393958077328	1663.5906841603323
HISDEG-PWY	L-histidine degradation I	27891.65101250422	34514.6010147237	40277.80138892316	48997.592532533374	46962.14062471329	41190.992156752814
HISTSYN-PWY	L-histidine biosynthesis	30933.53263905237	39041.00723890336	48109.90331975773	54754.362823284966	49339.01335842031	43012.22992875831
HOMOSER-METSYN-PWY	L-methionine biosynthesis I	25078.228134837	17908.153715037643	25430.75342914669	34802.97465352408	24740.76884260451	28252.847196199666
HSERMETANA-PWY	L-methionine biosynthesis III	37124.42899184124	51112.04099422918	44692.87712373517	46718.50926744592	61415.588924756186	36947.296629624936
ILEUSYN-PWY	L-isoleucine biosynthesis I (from threonine)	85314.33583405221	63321.33081314293	88329.05161657228	104606.88901532648	87656.32040266557	87373.76173689516
KDO-NAGLIPASYN-PWY	superpathway of (Kdo)2-lipid A biosynthesis	3968.450529335925	4827.396506522156	6378.374881996533	3588.7869315531752	5378.428672901418	1685.3508834169309
KETOGLUCONMET-PWY	ketogluconate metabolism	2649.895400489788	4209.118936703804	6755.4141233048485	9156.33540084008	7069.2052773541545	5464.725118121744
LACTOSECAT-PWY	lactose and galactose degradation I	135.27895875101402	359.5522176878397	256.4380197803335	38.80272156947397	144.67048787248893	383.7045059262068
LEU-DEG2-PWY	L-leucine degradation I	14596.148223313408	38925.47916572452	32179.820260944995	34527.21382144637	48067.40748755884	23858.347713114017
LIPASYN-PWY	phospholipases	91.43207920158646	97.20417575318616	504.1175576829789	312.1533931487852	74.85032431574068	142.2175430261941
LPSSYN-PWY	superpathway of lipopolysaccharide biosynthesis	591.5011517797743	94.4147732642854	295.58616123511405	186.1827621952344	198.8916324082425	80.26992285720455
MET-SAM-PWY	superpathway of S-adenosyl-L-methionine biosynthesis	34825.957716007186	27073.073280313147	37749.88080926158	48373.26867153502	36339.38398168377	38181.63722377725
METH-ACETATE-PWY	methanogenesis from acetate	199.80123723470925	361.5891713981262	575.0086277617698	79.63949435368013	320.4956355551167	103.82775525925376
METHANOGENESIS-PWY	methanogenesis from H2 and CO2	28.82690799045133	22.576621179464816	364.2932959331012	0.0	23.61068924853152	0.0
METHGLYUT-PWY	superpathway of methylglyoxal degradation	970.0305494013074	1267.7987212128116	3359.488715986004	2035.1929388437384	1496.1158212367773	903.5003624976856
METHYLGALLATE-DEGRADATION-PWY	methylgallate degradation	2298.85162200912	9566.788719335687	5954.015499936805	4078.356299815221	9224.72316741006	2029.6415611898992
NAD-BIOSYNTHESIS-II	NAD salvage pathway II	4371.005085457474	18579.56983273394	10554.619418435965	9191.45164456254	21200.99311642364	3961.7695190442814
NADSYN-PWY	NAD biosynthesis II (from tryptophan)	3019.6870079836413	21331.16837586119	8536.217076358835	4652.811873420332	23592.18823659577	1890.481307735708
NAGLIPASYN-PWY	lipid IVA biosynthesis	25568.686248255693	32288.56435030359	38307.95257283359	43800.92431492228	41899.91420940479	35463.247462743624
NONMEVIPP-PWY	methylerythritol phosphate pathway I	59447.88850610005	36120.59483054862	44988.96566389543	52260.96606794682	45654.71805952145	42346.30025096093
NONOXIPENT-PWY	pentose phosphate pathway (non-oxidative branch)	82463.66743708466	45155.87133748269	66041.95839836105	72827.82000768985	59772.24184083983	59289.73320875584
OANTIGEN-PWY	O-antigen building blocks biosynthesis (E. coli)	38182.66194094188	38367.5698244781	42254.44090395149	42630.5819662584	47493.3600588711	29733.27310392241
ORNARGDEG-PWY	superpathway of L-arginine and L-ornithine degradation	2322.737997654987	1833.473472489752	7425.853519704631	5258.069201375471	3079.9947480518663	1643.517080770522
ORNDEG-PWY	superpathway of ornithine degradation	3270.834822748163	2916.2052121649417	9302.187620578175	6033.700848399108	3667.7635846527655	3024.443361327167
P101-PWY	ectoine biosynthesis	4057.831117339657	2898.2407156072154	6558.92799179872	6125.646977888562	1950.751452241558	1894.4145632085176
P105-PWY	TCA cycle IV (2-oxoglutarate decarboxylase)	32069.995719488445	55411.54697751686	57828.25688940397	61167.37794154778	68288.78337477712	42016.54223520812
P108-PWY	pyruvate fermentation to propanoate I	15642.816770382442	24595.495076892075	33648.474988602524	34048.09251799781	28868.66087165372	24681.275157786917
P122-PWY	heterolactic fermentation	4993.751102804696	2620.728187003568	7112.852544753814	13391.989483764944	8961.762434056649	8786.673393301924
P124-PWY	Bifidobacterium shunt	5800.862593722027	2940.520933745624	7626.091129240019	13893.71974001519	10106.307549159974	14508.781832932638
P125-PWY	superpathway of (R,R)-butanediol biosynthesis	3018.847455810793	3808.498289411927	9512.945144554871	5382.7296435322605	2753.155059879677	3032.4558893904155
P161-PWY	acetylene degradation	23612.68987233106	18173.60727509748	22511.821755226974	20009.916323897145	21955.00213726792	10055.726220653516
P162-PWY	L-glutamate degradation V (via hydroxyglutarate)	77.83762552755606	138.30150047243222	546.7684002317078	0.0	286.9662896796904	55.5057864355672
P163-PWY	L-lysine fermentation to acetate and butanoate	11431.05711936795	1091.4293030336505	3120.554633062573	1135.689695201629	807.9879310598238	934.32031281026
P164-PWY	purine nucleobases degradation I (anaerobic)	2397.783932123306	2031.6794406961585	4189.965443417746	7477.338351095263	4453.013439416144	6843.097143578571
P184-PWY	protocatechuate degradation I (meta-cleavage pathway)	2171.399666314773	10245.71483942837	5518.50893255229	3802.203236567853	9634.294121529125	1814.261724248752
P221-PWY	octane oxidation	7423.34827871526	15914.025116262532	17613.240427007288	15250.440886367793	16520.68766274019	7057.186883620226
P23-PWY	reductive TCA cycle I	22574.708791281257	11261.44172718354	23865.20980762314	14850.272049232635	16917.554251718724	11753.297304177588
P241-PWY	coenzyme B biosynthesis	14.772426614702876	20.55630218384077	0.0	3.4975748065665364	2.7977686524773278	0.0
P261-PWY	coenzyme M biosynthesis I	75.66501645787895	21.67500202292944	435.8474804496391	11.888880504256388	40.37680092254754	7.870454599576119
P281-PWY	3-phenylpropanoate degradation	3754.74511592132	21650.341964089857	7566.784669131317	8186.650498895698	19918.9711625862	6031.358801307976
P341-PWY	glycolysis V (Pyrococcus)	306.6187288823404	52.45952815208855	1020.266481818858	380.9235863115509	408.6247293587044	390.3714146780495
P381-PWY	adenosylcobalamin biosynthesis II (late cobalt incorporation)	5478.3774899795735	3723.983836725397	7047.625049730416	2755.464136883011	3349.53364475954	1948.632663406699
P4-PWY	superpathway of L-lysine, L-threonine and L-methionine biosynthesis I	44283.506748567605	33045.5082451886	43214.83550070857	48829.9921792161	42645.784753485736	35985.46075559265
P42-PWY	incomplete reductive TCA cycle	38369.46602144875	13184.682669101776	25709.20840854665	18912.843321220087	13479.553259912544	10944.570537734386
P441-PWY	superpathway of N-acetylneuraminate degradation	18553.64445820154	4059.032875198745	11507.934100602562	4944.854709069278	5120.613462421677	2618.3136868290208
P461-PWY	hexitol fermentation to lactate, formate, ethanol and acetate	1440.2961546223726	2087.7315839476883	3556.8249265768754	1637.596673075304	2267.602010270204	1471.156460653643
P562-PWY	myo-inositol degradation I	1986.069975843832	3370.6692433366966	5858.1986130809055	3421.882779024162	3447.1339230195304	2155.5665397227594
P621-PWY	nylon-6 oligomer degradation	233.9062869142932	177.22019019247156	276.3044483672818	256.54964308890334	477.6228169086168	396.6909619570514
PANTO-PWY	phosphopantothenate biosynthesis I	39425.61643533601	40610.077826628025	47328.98089339906	52452.84517659355	50127.91977964873	40770.36680027384
PANTOSYN-PWY	pantothenate and coenzyme A biosynthesis I	48683.48390874458	38396.98588862691	47627.29130348359	53360.93967828884	47843.30473143773	42297.89842504674
PENTOSE-P-PWY	pentose phosphate pathway	35345.65517056036	30507.428985132512	48458.7276088146	58373.3353928087	42994.47882220766	48864.26123492699
PEPTIDOGLYCANSYN-PWY	peptidoglycan biosynthesis I (meso-diaminopimelate containing)	61833.33849006726	38476.45059742645	48405.89525746415	53270.725915862975	47439.5869797714	42198.79539508534
PHOSLIPSYN-PWY	superpathway of phospholipid biosynthesis I (bacteria)	68799.00619159057	51776.31972413607	58012.01757383099	65501.04945459025	63227.09447374009	53000.87187860918
POLYAMINSYN3-PWY	superpathway of polyamine biosynthesis II	11296.448010150494	19974.944221984904	10930.8364089628	7435.547198192929	24472.39028776841	3262.543012939122
POLYAMSYN-PWY	superpathway of polyamine biosynthesis I	8557.722357139595	15215.475896431328	10598.25095778113	7065.404177476776	13987.644376973489	3116.2192200744303
POLYISOPRENSYN-PWY	polyisoprenoid biosynthesis (E. coli)	59397.45459023967	37281.53304201488	48716.98775518322	56023.641265595805	48221.16779346512	45422.27571921344
PPGPPMET-PWY	ppGpp biosynthesis	20254.184852064096	19308.620323461448	19715.44747095861	17935.36099714049	24895.773239553644	7794.988092460983
PROTOCATECHUATE-ORTHO-CLEAVAGE-PWY	protocatechuate degradation II (ortho-cleavage pathway)	7622.238879020065	28326.228194750107	21513.65737789681	20592.365417519748	35497.63813763658	15138.700140886584
PRPP-PWY	superpathway of histidine, purine, and pyrimidine biosynthesis	33265.19421102123	29245.8932811538	26748.42103261648	24516.52443586187	37137.829940779535	13755.858628454602
PWY-1269	CMP-3-deoxy-D-manno-octulosonate biosynthesis I	29512.26282512534	32181.484317931463	37635.35773105692	43471.64943982518	41739.82456038214	35751.595794132925
PWY-1361	benzoyl-CoA degradation I (aerobic)	256.6098343666832	3761.5060072862943	740.2904921338916	418.5454939682388	6406.981690842589	241.085408909846
PWY-1422	vitamin E biosynthesis (tocopherols)	0.0	42.8157499122427	36.8601403747018	0.0	0.0	0.0
PWY-1501	mandelate degradation I	46.99675355372743	126.22384925220469	166.13948153401066	185.7970363300265	234.0231145996734	200.3179024136936
PWY-1541	superpathway of taurine degradation	189.91753995136736	918.4589773222702	2082.7549375096905	560.9602605044789	650.2317868401161	280.36037582278607
PWY-1622	formaldehyde assimilation I (serine pathway)	2969.466728038949	4847.870971460245	8445.288788189939	16623.158481273193	14715.882769726088	18090.47148530186
PWY-181	photorespiration	10291.502355384217	17682.489550885697	19839.45993262286	24744.65789517062	23949.581545495177	17471.11887361524
PWY-1861	formaldehyde assimilation II (RuMP Cycle)	933.1500465565886	1372.5073788724744	3622.5936050466	494.0447913712665	1492.6454876051644	2542.1888271062726
PWY-1882	superpathway of C1 compounds oxidation to CO2	973.0008804753918	1381.3629498936396	2714.3614883464465	1835.9325733772407	3825.2166329025	1485.3759144248645
PWY-2221	Entner-Doudoroff pathway III (semi-phosphorylative)	881.926694161877	197.34645406264784	2031.8834167554205	500.58716262482034	1262.5443102229358	548.6992773742887
PWY-2941	L-lysine biosynthesis II	20984.55620241486	2326.7725928660648	4376.332014883952	155.49453455016106	1130.7278447814278	1638.645897544387
PWY-2942	L-lysine biosynthesis III	70294.98345580322	45978.99218151045	61628.8205740972	68648.29165462071	58704.24842335657	54945.56847520413
PWY-3001	superpathway of L-isoleucine biosynthesis I	71315.9371228883	46870.52964088228	65426.04542010519	74211.3683537068	60017.354824409886	60245.45752310964
PWY-3661	glycine betaine degradation I	2484.1319798886148	2756.059215401688	5660.332438697502	5132.609728113122	3054.436775331436	3279.810428953121
PWY-3781	aerobic respiration I (cytochrome c)	88227.94888753984	126916.93248209318	148003.8287717532	168195.53658047706	165127.1547982374	130593.89647393885
PWY-3801	sucrose degradation II (sucrose synthase)	0.0	334.89593398656274	268.46712120709054	0.0	0.0	37.45015099470407
PWY-3941	&beta;-alanine biosynthesis II	50.51257100126417	17.23150729526967	148.15924148914402	44.35289454091024	37.74202170929342	40.2467334414802
PWY-4361	S-methyl-5-thio-&alpha;-D-ribose 1-phosphate degradation	235.25769230180907	278.6856838596267	1081.738120193591	81.79773357265259	362.1694041887391	272.8209892206822
PWY-4722	creatinine degradation II	71.79442905867764	1331.6664361799596	1629.2251230910333	131.80732198596598	350.747297468369	31.48871818118603
PWY-4984	urea cycle	10019.166285460746	18528.913345378387	20304.353579097304	19645.486104730822	21914.148155434275	15462.088088140164
PWY-5005	biotin biosynthesis II	75.43391986198874	479.49200698043	307.0642509880786	87.6443524499616	194.36594734819516	26.37563318027072
PWY-5022	4-aminobutanoate degradation V	7736.862446216997	18299.107978495664	17425.544556676683	15671.94219855255	21916.53386108271	9506.41267497184
PWY-5028	L-histidine degradation II	5180.927902630195	30523.13841551235	12348.76620030944	9595.672580524257	31286.60398387666	4754.586733661584
PWY-5088	L-glutamate degradation VIII (to propanoate)	1445.5323405388935	952.226564275396	1451.589473556326	217.42320371155165	727.8541133122659	411.2772468951411
PWY-5097	L-lysine biosynthesis VI	68500.3062766289	44330.384469270735	58688.96223503519	65645.89418896977	56335.31499709016	52343.55160680463
PWY-5100	pyruvate fermentation to acetate and lactate II	45069.73462666535	5746.847547151132	11128.130595824936	7638.711489985781	6921.624464530176	3977.4770591766905
PWY-5101	L-isoleucine biosynthesis II	91198.29497357395	69485.34332587932	91270.57266583884	108311.9171110749	94415.2304071781	90148.38091980058
PWY-5103	L-isoleucine biosynthesis III	75515.868521314	50986.03733762286	67185.85813010401	76906.54520590194	65970.5536646048	62588.56897233962
PWY-5104	L-isoleucine biosynthesis IV	65077.20481593666	40440.20295705135	29866.74183046692	36479.05656561642	50482.15451294658	24018.607780301398
PWY-5121	superpathway of geranylgeranyl diphosphate biosynthesis II (via MEP)	48893.05431223464	28069.118910024543	44035.31959596452	50725.800666775176	36633.46819680639	41590.94189214987
PWY-5154	L-arginine biosynthesis III (via N-acetyl-L-citrulline)	34106.82427117363	40166.05176980637	45443.64111145094	50576.504081479135	51377.92068651325	37465.2740380823
PWY-5177	glutaryl-CoA degradation	39.30735415213341	69.97813710916687	283.6212966043116	0.0	147.91770366143749	27.99582463248757
PWY-5178	toluene degradation IV (aerobic) (via catechol)	2906.8389688787884	8365.254269432373	8234.171566711319	5728.719127816336	10906.980408647532	2769.592460087786
PWY-5180	toluene degradation I (aerobic) (via o-cresol)	6191.58020944822	10600.063173234756	11823.908882487922	10714.202787352013	13131.778676637716	5950.2445632732015
PWY-5181	toluene degradation III (aerobic) (via p-cresol)	3765.945861511476	6286.579810287107	10584.504726602943	11107.89956363564	11265.156565306232	9554.374847553883
PWY-5182	toluene degradation II (aerobic) (via 4-methylcatechol)	6191.58020944822	10600.063173234756	11823.908882487922	10714.202787352013	13131.778676637716	5950.2445632732015
PWY-5183	superpathway of aerobic toluene degradation	2025.700881865913	3484.0321825605392	2750.539180405325	2368.5620999484336	5919.6968003212005	1746.9547684467468
PWY-5184	toluene degradation VI (anaerobic)	0.0	0.0	0.0	0.0	0.0	0.512869948204504
PWY-5188	tetrapyrrole biosynthesis I (from glutamate)	32022.00849175374	36797.65785378364	45220.68269245065	50909.69649718079	45855.82211068937	40214.91668004347
PWY-5189	tetrapyrrole biosynthesis II (from glycine)	24357.062738964945	33839.95238825946	38779.8173052633	37258.643636138695	40605.65524255388	24931.65678766
PWY-5198	factor 420 biosynthesis	750.9203550086386	299.50722761287983	1948.556394876616	509.20783433647176	651.2494273532556	391.6359060402685
PWY-5265	peptidoglycan biosynthesis II (staphylococci)	866.3466623032659	1558.9075223083742	1523.426969280914	166.5140366616945	646.1337298738694	1241.319620762569
PWY-5304	superpathway of sulfur oxidation (Acidianus ambivalens)	1292.2	14070.0	2928.83	1097.05	10568.42	1105.48
PWY-5345	superpathway of L-methionine biosynthesis (by sulfhydrylation)	33112.01723847303	43812.13180375079	52124.65223852803	56801.49163926738	55051.26011842337	43442.009082681405
PWY-5347	superpathway of L-methionine biosynthesis (transsulfuration)	38109.09427187734	27246.35314819527	39154.18261219309	50333.92628938064	36620.924416678376	41089.90197581693
PWY-5384	sucrose degradation IV (sucrose phosphorylase)	5041.731873818911	21044.26708025802	11296.8549235671	9870.893100043157	27487.193580070303	3060.846444636748
PWY-5392	reductive TCA cycle II	153.43100895234988	0.0	153.58067034647274	31.48352743004164	0.0	0.0
PWY-5415	catechol degradation I (meta-cleavage pathway)	5645.913761510822	9879.329225261552	10463.423128722336	9837.901606116257	12514.623203128773	5368.55845918971
PWY-5417	catechol degradation III (ortho-cleavage pathway)	5237.864516293417	17613.440208945387	12641.12232482407	12941.629703078735	20278.02231890864	8592.04287385738
PWY-5419	catechol degradation to 2-oxopent-4-enoate II	2097.601397422888	9782.246885789516	4562.887253647908	6830.623408552401	15650.46239254775	6812.431911731388
PWY-5420	catechol degradation II (meta-cleavage pathway)	2936.0932169161865	9478.985664393937	6014.330573340542	7851.717166718576	13621.085396490807	5722.389233055295
PWY-5427	naphthalene degradation (aerobic)	24.0	17.454545454545453	71.10497237569061	50.37669902912621	36.0	0.0
PWY-5430	meta cleavage pathway of aromatic compounds	2587.9350075369744	8877.134959632156	5572.173137829812	4137.228046207439	12573.844237421465	2712.391654471632
PWY-5431	aromatic compounds degradation via &beta;-ketoadipate	5237.864516293417	17613.440208945387	12641.12232482407	12941.629703078735	20278.02231890864	8592.04287385738
PWY-5484	glycolysis II (from fructose 6-phosphate)	30213.846379054263	41001.62397924133	43197.613001893566	44107.91837104346	52008.48644837426	32990.434941281186
PWY-5499	vitamin B6 degradation	0.0	0.0	2.75	0.0	0.0	0.0
PWY-5505	L-glutamate and L-glutamine biosynthesis	28549.348205148377	33067.54759071495	46105.46990823077	54692.63690492824	38713.57917869011	43714.40306681576
PWY-5507	adenosylcobalamin biosynthesis I (early cobalt insertion)	5891.454836074786	2384.0832936980023	5424.137868678166	1072.0407648960431	1970.2785544053747	1384.635643983872
PWY-5509	adenosylcobalamin biosynthesis from cobyrinate a,c-diamide I	15495.632913348956	23266.774069679872	20990.664050541287	18025.490918915264	27272.154990025683	11280.925750079025
PWY-5529	superpathway of bacteriochlorophyll a biosynthesis	319.2448561979317	362.40049695709706	1450.371790701014	374.2832885266928	237.9968106421942	204.9853204564596
PWY-5531	chlorophyllide a biosynthesis II (anaerobic)	1762.5001031342535	2000.7520754581356	4087.037415544458	8014.184073654219	5090.0419125429935	7107.315338679777
PWY-5532	adenosine nucleotides degradation IV	514.4061984781215	142.61343936431027	1238.9651113373716	326.90205416291684	811.7072316324853	357.0511340898603
PWY-5647	2-nitrobenzoate degradation I	1157.5662558792524	2472.075405592825	2868.1634689704183	1676.3201771035956	2759.814491891579	869.783578809827
PWY-5651	L-tryptophan degradation to 2-amino-3-carboxymuconate semialdehyde	1926.812928979892	17514.279424772576	5806.729765070487	3017.601704579248	18540.124232835133	1202.9819645772368
PWY-5654	2-amino-3-carboxymuconate semialdehyde degradation to 2-oxopentenoate	1223.3625937752383	2057.524794267821	2795.1580594383536	1731.4132979715205	2305.153544479744	1187.4527551579054
PWY-5655	L-tryptophan degradation IX	1832.1092804237096	4532.318100786195	4525.902905592129	2697.284531173992	5191.558527454232	1144.5405340465134
PWY-5656	mannosylglycerate biosynthesis I	38.54755601913987	0.0	0.0	0.0	0.0	0.0
PWY-5659	GDP-mannose biosynthesis	56644.441660951525	36499.60718154832	50118.27934201404	56319.72922852042	47260.432113592666	43859.38274153711
PWY-5667	CDP-diacylglycerol biosynthesis I	75453.96290446796	59191.584676923005	65593.68996121433	71326.79013939407	70628.58064485512	56257.39918350594
PWY-5676	acetyl-CoA fermentation to butanoate II	23715.99464921766	16770.768154278827	11274.962134408088	20006.11277787844	27583.896844056177	18408.5936257396
PWY-5677	succinate fermentation to butanoate	51.186620082390064	68.82949460199035	542.5170331654036	203.224944874	286.58197216780763	44.484906526101454
PWY-5686	UMP biosynthesis	70692.76960947881	45570.929005049686	57625.30374103325	63543.4432944876	56347.12563042678	50456.46888535857
PWY-5695	urate biosynthesis/inosine 5'-phosphate degradation	56629.28787230443	57528.22744037974	61084.7275732377	65263.68072928392	67040.67559021637	51738.66704000576
PWY-5705	allantoin degradation to glyoxylate III	3268.641588676092	3994.430112304875	8070.678796401497	9936.80932857936	7316.982003259367	7917.614841196757
PWY-5741	ethylmalonyl-CoA pathway	2798.532916775989	3036.854721413131	6409.163098051955	10829.981029212237	7488.384023167247	10965.148604652422
PWY-5743	3-hydroxypropanoate cycle	0.0	0.0	5.484044154041458	13.631576420181272	45.13807249195825	2.733418981804134
PWY-5744	glyoxylate assimilation	0.0	0.0	5.483862155487418	13.6433208038408	45.17727939084038	2.7373224032598285
PWY-5747	2-methylcitrate cycle II	15010.051263051042	26271.596078047947	25129.504850535806	33662.49496000482	34088.350692264496	27333.420388953877
PWY-5823	superpathway of CDP-glucose-derived O-antigen building blocks biosynthesis	2.2783506719772006	7.997162177421012	10.264035135935558	3.998044080993465	21.7015392904326	0.5599358841165664
PWY-5837	1,4-dihydroxy-2-naphthoate biosynthesis I	4562.701204076995	5118.632491567954	10103.11501583186	6736.140084117043	4307.017528624556	3129.2710666478943
PWY-5838	superpathway of menaquinol-8 biosynthesis I	6742.8769635262925	7989.292446771151	15312.023875370644	10880.31530065171	7694.405173286552	4585.489543795473
PWY-5840	superpathway of menaquinol-7 biosynthesis	6587.9030346056015	7385.036676731277	14074.66162102418	9895.344199299496	6819.51798348063	4223.891742554784
PWY-5845	superpathway of menaquinol-9 biosynthesis	4446.237366433654	5566.390267542955	10746.03731879553	5363.769744891681	5479.072293137072	3086.2646544566524
PWY-5850	superpathway of menaquinol-6 biosynthesis I	4446.237366433654	5566.390267542955	10746.03731879553	5363.769744891681	5479.072293137072	3086.2646544566524
PWY-5855	ubiquinol-7 biosynthesis (prokaryotic)	16376.534647472548	39562.794985217326	35719.59378569194	36677.828134333504	51893.8009841377	25352.502384834745
PWY-5856	ubiquinol-9 biosynthesis (prokaryotic)	16376.534647472548	39562.794985217326	35719.59378569194	36677.828134333504	51893.8009841377	25352.502384834745
PWY-5857	ubiquinol-10 biosynthesis (prokaryotic)	16376.534647472548	39562.794985217326	35719.59378569194	36677.828134333504	51893.8009841377	25352.502384834745
PWY-5860	superpathway of demethylmenaquinol-6 biosynthesis I	3157.127077519568	3885.220048914861	7745.252456647338	3700.2385679824474	3783.179336307809	2109.388385818822
PWY-5861	superpathway of demethylmenaquinol-8 biosynthesis	4954.499539160392	5692.7341419651975	11430.238107500749	7784.376861943258	5390.66676247601	3172.936350007896
PWY-5862	superpathway of demethylmenaquinol-9 biosynthesis	3157.127077519568	3885.220048914861	7745.252456647338	3700.2385679824474	3783.179336307809	2109.388385818822
PWY-5863	superpathway of phylloquinol biosynthesis	5088.27663616191	5550.222175757667	11085.935931046184	7517.525246610934	4764.757560604266	3530.5701911085416
PWY-5896	superpathway of menaquinol-10 biosynthesis	4446.237366433654	5566.390267542955	10746.03731879553	5363.769744891681	5479.072293137072	3086.2646544566524
PWY-5897	superpathway of menaquinol-11 biosynthesis	6385.164327559184	7572.557949533114	14618.999872230272	10284.416293016524	7210.506207807587	4341.382947324712
PWY-5898	superpathway of menaquinol-12 biosynthesis	6385.164327559184	7572.557949533114	14618.999872230272	10284.416293016524	7210.506207807587	4341.382947324712
PWY-5899	superpathway of menaquinol-13 biosynthesis	6385.164327559184	7572.557949533114	14618.999872230272	10284.416293016524	7210.506207807587	4341.382947324712
PWY-5910	superpathway of geranylgeranyldiphosphate biosynthesis I (via mevalonate)	1635.6762361813032	1152.4952089713815	3623.1297439137393	1451.3218505989555	1710.489017089645	876.1327141110098
PWY-5913	TCA cycle VI (obligate autotrophs)	32989.31021122658	46749.44661250192	50147.86370295529	60448.95930540301	58701.89141727243	51482.87422439388
PWY-5918	superpathay of heme biosynthesis from glutamate	27663.467126503256	35369.321863622456	41985.95708367008	44418.353152490665	43606.91415614785	32400.93033281372
PWY-5920	superpathway of heme biosynthesis from glycine	12707.965380679983	13542.52783391951	26844.79104764012	31844.783164766464	23148.9393440371	26228.31108253232
PWY-5941	glycogen degradation II (eukaryotic)	2319.246378140925	2940.454730419493	8193.496618551038	3205.8103506109637	2602.89576123803	1642.0519623668174
PWY-5971	palmitate biosynthesis II (bacteria and plants)	36122.4716212948	27403.6613322654	54186.46307192853	39870.31902605472	40925.26174665174	25035.317211456117
PWY-5973	cis-vaccenate biosynthesis	78730.10201771255	67060.14054720689	75224.07198620209	85304.30364606174	86149.87143585726	71271.02702433887
PWY-5989	stearate biosynthesis II (bacteria and plants)	66854.44209399422	71623.97711631536	82276.7203681103	101467.20259346905	92899.55373816458	84464.56678167016
PWY-6071	superpathway of phenylethylamine degradation	2693.3369851555253	2070.015186952322	9044.304026572892	6690.541616943766	3529.443700696688	4353.115848823514
PWY-6107	chlorosalicylate degradation	352.446293880501	249.42038624383136	1230.5192156075047	852.3341719291883	464.8875381921535	571.9529265803945
PWY-6121	5-aminoimidazole ribonucleotide biosynthesis I	67754.3096611965	44364.3207528649	56973.00341573425	60511.52373474099	54147.64817155186	46438.722624662514
PWY-6122	5-aminoimidazole ribonucleotide biosynthesis II	67836.40392772054	42050.44557739956	55261.178884089466	59161.74039679901	51698.86884946633	46569.73564556822
PWY-6123	inosine-5'-phosphate biosynthesis I	60529.82345987717	36976.16683218392	47935.58831498402	53366.81086586338	46731.13731020345	42542.91691239159
PWY-6125	superpathway of guanosine nucleotides de novo biosynthesis II	44797.26408933316	44561.22289118881	55248.52506349486	60446.04053392152	55084.24387583383	47682.50154728082
PWY-6126	superpathway of adenosine nucleotides de novo biosynthesis II	52538.20408230596	45222.047541978616	57630.354928560046	63084.18234800612	56312.93692445014	49630.059305964816
PWY-6141	archaetidylserine and archaetidylethanolamine biosynthesis	0.0	3.363581948396336	0.0	0.0	3.475601428732288	0.0
PWY-6143	CMP-pseudaminate biosynthesis	0.0	0.0	0.0	0.0	1.9822947729777547	0.0
PWY-6147	6-hydroxymethyl-dihydropterin diphosphate biosynthesis I	31485.722604138307	40261.9210184888	50233.59141409912	54395.38676515973	49647.713486278335	42034.99239147875
PWY-6148	tetrahydromethanopterin biosynthesis	373.970045097406	101.67406086076058	816.6114339186652	261.2469855501344	634.298277313573	285.41882465148905
PWY-6151	S-adenosyl-L-methionine cycle I	29282.51701517947	32528.173592225605	32803.104928565	27595.4975645052	35110.41090889914	15836.485044024805
PWY-6163	chorismate biosynthesis from 3-dehydroquinate	62341.11297948573	42916.25968788069	52430.37467051907	58921.52927984922	54612.1180071661	47369.12754498184
PWY-6165	chorismate biosynthesis II (archaea)	4.61417557825924	14.730167087638172	0.0	0.0	128.60195969758445	1.1174397217501568
PWY-6167	flavin biosynthesis II (archaea)	691.1990280411885	149.60952916506363	2001.8702505702104	374.62607431611394	950.622461732352	410.89109248490007
PWY-6174	mevalonate pathway II (archaea)	539.4203233047089	131.829100440058	1483.5891725864556	322.9194478563512	688.073280092479	303.82774603249845
PWY-6182	superpathway of salicylate degradation	4871.61651078402	17834.97817690459	12354.490743450326	13081.89903216578	20352.601949595508	9025.86676024494
PWY-6185	4-methylcatechol degradation (ortho cleavage)	2878.874668226138	4253.951064545764	7920.784133409424	8370.856769367232	7928.885738192354	7088.7755576615655
PWY-621	sucrose degradation III (sucrose invertase)	12354.888615041002	21044.26708025802	11296.8549235671	9870.893100043157	27487.193580070303	3060.846444636748
PWY-6210	2-aminophenol degradation	740.8162593831748	346.7031487963062	1641.9246595513923	686.3620754895852	666.7140954019134	381.6399499850038
PWY-6263	superpathway of menaquinol-8 biosynthesis II	16082.80050565744	9736.67435426409	19105.530050299672	17790.396189619067	10316.9264525394	10118.429291841532
PWY-6269	adenosylcobalamin salvage from cobinamide II	15504.180400458086	23459.092808219117	21094.899289815083	18103.551305528883	27554.25745052143	11288.530341693784
PWY-6277	superpathway of 5-aminoimidazole ribonucleotide biosynthesis	67836.40392772054	42050.44557739956	55261.178884089466	59161.74039679901	51698.86884946633	46569.73564556822
PWY-6282	palmitoleate biosynthesis I (from (5Z)-dodec-5-enoate)	64293.53082835396	68397.80856614883	79516.7192850174	99397.27318182848	89931.16701684834	84302.93032145551
PWY-6317	galactose degradation I (Leloir pathway)	31964.20533012156	15825.19761253482	32046.050584769444	41098.24946144539	22248.90772625173	37330.433693823325
PWY-6338	superpathway of vanillin and vanillate degradation	1496.7149630212914	2722.232762694589	4270.169673244216	2438.330424891599	2560.3081802560523	1422.4642938330014
PWY-6339	syringate degradation	2521.561829873017	8890.905053064927	6268.97078817756	3972.117519615061	8849.941342111983	2091.3897830658607
PWY-6349	CDP-archaeol biosynthesis	271.21544400385085	67.3677199880783	650.1452664362799	145.15351993214588	403.5534385819884	177.81974954915478
PWY-6350	archaetidylinositol biosynthesis	252.86306368600287	61.27613173638069	643.4514418290298	137.04035874439464	372.9841312414551	163.26652960940328
PWY-6353	purine nucleotides degradation II (aerobic)	38154.71572247417	28057.69859989589	44913.5395713187	48859.70572058234	36242.67250362255	36705.20232728206
PWY-6383	mono-trans, poly-cis decaprenyl phosphate biosynthesis	4163.727608590915	3883.339476364614	7098.29388426794	6768.360601432155	2002.393839241804	2710.095733367903
PWY-6385	peptidoglycan biosynthesis III (mycobacteria)	61819.99118350799	37178.21871786802	48289.20718955502	52862.44796662502	45318.57031184619	42094.47863090809
PWY-6386	UDP-N-acetylmuramoyl-pentapeptide biosynthesis II (lysine-containing)	62779.11004708999	37629.73453092378	48532.57518391184	53137.05281655984	45573.88914936193	42356.17079199607
PWY-6387	UDP-N-acetylmuramoyl-pentapeptide biosynthesis I (meso-diaminopimelate containing)	62246.911610851705	38863.3686226262	48646.085159035305	53432.34735683209	47845.92202057511	42324.76936806728
PWY-6396	superpathway of 2,3-butanediol biosynthesis	2845.7930293439563	2544.2061970953428	9376.262868655567	4914.994154877823	2769.225501077533	2516.054298779144
PWY-6397	mycolyl-arabinogalactan-peptidoglycan complex biosynthesis	1728.0186124809477	432.4408254272341	2593.078510442701	2840.6377593163866	169.14631980845004	325.5685412451849
PWY-6404	superpathway of mycolyl-arabinogalactan-peptidoglycan complex biosynthesis	1289.1594254938143	1121.6648388918848	3009.232516117591	3568.223357001088	479.52396243449743	508.8307566881601
PWY-6467	Kdo transfer to lipid IVA III (Chlamydia)	48889.33	32471.14	37684.41	44603.75	42196.05000000001	36620.92999999999
PWY-6470	peptidoglycan biosynthesis V (&beta;-lactam resistance)	511.2439148107203	1376.9842050320474	1035.6215691294108	127.64486271776865	592.2766435145386	933.5584839057298
PWY-6471	peptidoglycan biosynthesis IV (Enterococcus faecium)	1323.8717861990883	2601.4729457921885	4616.542670808418	854.7730245483772	1267.1000503786704	1682.124849429453
PWY-6478	GDP-D-glycero-&alpha;-D-manno-heptose biosynthesis	1565.6511560877975	1371.9780981794324	1815.464892529121	2575.4800693821103	2405.440782577474	1985.8079569018332
PWY-6505	L-tryptophan degradation XII (Geobacillus)	1467.06133995122	931.7167478324924	3400.6736111465534	1571.5018234482511	1663.1101700716392	847.6527360423693
PWY-6507	4-deoxy-L-threo-hex-4-enopyranuronate degradation	29343.75897978017	13186.620752340688	28749.939427416182	35551.48549551524	20411.944777716708	30633.98656756153
PWY-6519	8-amino-7-oxononanoate biosynthesis I	33824.62949514137	47962.985742099	41442.71258822228	40998.56157960897	59226.189685708414	24782.92928856664
PWY-6545	pyrimidine deoxyribonucleotides de novo biosynthesis III	9173.005024152908	9949.506703175992	17739.60915884808	15399.245222695858	6665.907416135413	6881.290425701581
PWY-6562	norspermidine biosynthesis	4219.301368493771	2595.1319989536487	9572.65711617788	7943.120860712565	3241.244944583293	3841.953325785109
PWY-6572	chondroitin sulfate degradation I (bacterial)	11.812486717106635	20.679121197580557	58.78224771744301	9.891199728807631	692.446084882152	37.93849381179587
PWY-6581	spirilloxanthin and 2,2'-diketo-spirilloxanthin biosynthesis	50.22311516949028	42.075962163457504	0.0	0.0	84.66145817383213	15.973803893527254
PWY-6588	pyruvate fermentation to acetone	24028.78052091527	7891.822524429861	6643.734776625273	10057.29029479725	15723.427359822124	12891.84226590945
PWY-6590	superpathway of Clostridium acetobutylicum acidogenic fermentation	787.9765989554321	983.7836750576704	2730.428156748756	337.2618478686616	2537.5959060532377	1152.9441250731063
PWY-6608	guanosine nucleotides degradation III	30128.700534571948	32748.2134468386	43818.5688253381	52176.934279787085	38303.41971759749	44190.32699963666
PWY-6609	adenine and adenosine salvage III	58484.89661237192	17622.50742764246	33763.446737408936	41114.25070246524	23714.17467535517	35037.93799045087
PWY-6612	superpathway of tetrahydrofolate biosynthesis	33406.79553136386	35756.856672655675	45068.4044970122	47254.26173613424	42922.65482166159	32774.17670218982
PWY-6628	superpathway of L-phenylalanine biosynthesis	46720.83536787112	41406.56853832859	44852.91431807372	45553.13269146072	51194.30004010959	30156.55816827
PWY-6629	superpathway of L-tryptophan biosynthesis	6.958941986211397	23.987712279022432	0.0	0.0	216.40558272139316	1.6799397584735132
PWY-6630	superpathway of L-tyrosine biosynthesis	41131.46269069744	39996.19609667019	43761.189558369646	44926.02147056905	49604.017085357285	29796.16106320583
PWY-6641	superpathway of sulfolactate degradation	433.0575755436394	712.8899590280948	2345.591925786445	638.4988531250038	695.0308602664754	289.40188499613345
PWY-6654	phosphopantothenate biosynthesis III	415.27620048947153	89.91023299630703	1215.1849497472474	223.348788121406	569.5311298705626	245.02464530010508
PWY-6660	2-heptyl-3-hydroxy-4(1H)-quinolone biosynthesis	11.178493387692916	49.14723811794576	45.46468421925188	23.574508274742648	17.594287424827815	0.0
PWY-6690	cinnamate and 3-hydroxycinnamate degradation to 2-oxopent-4-enoate	443.4030587319886	387.8916494344905	1270.7104627892832	680.7129606063274	315.83782328348985	223.64736394352823
PWY-6700	queuosine biosynthesis	17282.641116175495	31684.459407817576	33331.60546391724	32544.538529713103	39227.91967987828	22777.25601482287
PWY-6703	preQ0 biosynthesis	21695.97208905151	32265.547632265854	31330.42444858101	31164.712040629955	40754.16020661091	22706.118601235437
PWY-6708	ubiquinol-8 biosynthesis (prokaryotic)	16376.534647472548	39562.794985217326	35719.59378569194	36677.828134333504	51893.8009841377	25352.502384834745
PWY-6713	L-rhamnose degradation II	64.61242316250474	27.449478072438108	250.0860959874381	3.217789195093852	143.21056220294312	52.11871214787017
PWY-6728	methylaspartate cycle	8080.7932089846145	3639.8747014426303	9471.980664979128	1758.484968262639	3569.788735240157	1999.3877827505855
PWY-6731	starch degradation III	81.95863706035134	163.12221290822433	216.63677167183977	217.5526330988608	134.46473360712676	100.99854967735163
PWY-6737	starch degradation V	52973.95269161684	24942.10850088791	22057.356881541684	22482.515698417064	31516.212882643427	11939.544916205765
PWY-6749	CMP-legionaminate biosynthesis I	731.1308622836467	128.77620219504644	226.4230749852482	90.5615388151866	63.95486769068402	59.93637067944179
PWY-6876	isopropanol biosynthesis	2236.801265595394	4156.432984661	3577.0699665428706	4696.932739405331	6723.336324371745	3983.959912531605
PWY-6891	thiazole biosynthesis II (Bacillus)	13851.56868467863	2843.1859254582714	4042.496883386267	1591.1531617029468	1870.749758026212	1029.5960790691397
PWY-6892	thiazole biosynthesis I (E. coli)	34833.15108484019	16130.03673188702	32964.746772515355	42776.353262409335	23173.43425134621	37702.39457700597
PWY-6895	superpathway of thiamin diphosphate biosynthesis II	27469.38156325009	11135.381626750474	15599.673347633869	7253.954818622246	8213.890033169291	4783.447966017329
PWY-6897	thiamin salvage II	36803.28609831832	41556.77905742978	52858.90172529875	62305.19777498801	53438.383905918585	50974.65551965607
PWY-6901	superpathway of glucose and xylose degradation	33411.25890578808	21344.19977696277	34973.96418908919	32526.198003207992	22920.57168947319	19427.263130896543
PWY-6906	chitin derivatives degradation	0.0	206.97452875313425	49.85286551117341	44.82098527510109	247.72521445758173	17.432068093222092
PWY-6919	neopentalenoketolactone and pentalenate biosynthesis	56.853146853146846	0.0	0.0	29.12621359223301	0.0	0.0
PWY-6944	androstenedione degradation	1797.2510720332386	741.3105798046787	2987.9713619880104	2816.1905576096674	398.1185789127263	547.4953213525337
PWY-6948	sitosterol degradation to androstenedione	61.53975814847245	122.45881736937508	171.17584764393726	210.93753129136655	61.09625048769491	31.677510127429827
PWY-6956	naphthalene degradation to acetyl-CoA	47.37044311251368	34.84401271962264	137.37928691639138	97.99049250184594	71.78404620576788	0.0
PWY-6957	mandelate degradation to acetyl-CoA	188.58021360659816	510.7167482125108	613.086266617674	665.6636053782001	935.1031541822268	673.8193038259607
PWY-6969	TCA cycle V (2-oxoglutarate:ferredoxin oxidoreductase)	34235.606252235695	55710.45965113112	59652.26509954586	63937.34964146948	68791.74439459153	49299.28377200334
PWY-6992	1,5-anhydrofructose degradation	435.8132614895924	368.3935750333538	865.40146751549	755.5725000451315	184.15676594768752	339.74795078009964
PWY-7002	4-hydroxyacetophenone degradation	0.0	0.0	2.993773653153032	0.0	0.0	0.0
PWY-7003	glycerol degradation to butanol	4361.466225395644	2744.0526512801043	7757.379937434137	4202.030892360674	5752.345151579325	2790.75560499091
PWY-7007	methyl ketone biosynthesis	5762.564795172631	4488.746319916446	10491.385914425424	8898.52614486836	3326.37461073236	3136.270569880554
PWY-7013	L-1,2-propanediol degradation	824.9873200526613	91.49235132312585	2007.251596018608	259.4037618730742	606.8968399058008	256.8330355120585
PWY-7024	superpathway of the 3-hydroxypropanoate cycle	0.0	0.0	7.9723515583884	19.80921442259684	65.11424460751567	3.974332700503247
PWY-7046	4-coumarate degradation (anaerobic)	3.703672257026713	21.720525161328737	82.61243057807653	110.72661404511936	22.4990851767406	99.51749951255285
PWY-7084	nitrifier denitrification	0.0	2.399615182451233	0.0	0.0	0.0	0.0
PWY-7090	UDP-2,3-diacetamido-2,3-dideoxy-&alpha;-D-mannuronate biosynthesis	531.4214618791191	1083.700279523446	863.1270368563694	1492.3853270824395	2065.566788721934	299.0939982596943
PWY-7094	fatty acid salvage	41064.660928807934	78335.52142258987	72347.96260994536	78518.44043538904	88019.9561786236	54713.68570536406
PWY-7097	vanillin and vanillate degradation I	1496.7149630212914	2722.232762694589	4270.169673244217	2438.330424891599	2560.3081802560528	1422.4642938330014
PWY-7098	vanillin and vanillate degradation II	1652.409606315598	3037.8879062291703	4719.176513410149	2710.91545785041	2859.2309833740164	1586.6095515888553
PWY-7111	pyruvate fermentation to isobutanol (engineered)	87368.37669606548	77392.41063399284	92424.91430590708	104255.8313495758	101001.80236455875	82654.27903908117
PWY-7159	chlorophyllide a biosynthesis III (aerobic, light independent)	1762.5001031342535	2000.7520754581356	4087.037415544458	8014.184073654219	5090.0419125429935	7107.315338679777
PWY-7184	pyrimidine deoxyribonucleotides de novo biosynthesis I	39482.77567277095	40368.955370614494	45092.36657630312	44405.31853617624	49276.55513298675	30775.641190587605
PWY-7187	pyrimidine deoxyribonucleotides de novo biosynthesis II	26384.377596842383	25657.488589248744	21164.77968267488	17330.607768092104	32880.66841648817	8790.720705611344
PWY-7196	superpathway of pyrimidine ribonucleosides salvage	36836.53870009823	22811.07105790039	40678.97018138391	46352.450715957086	30527.966786433743	37505.59385908468
PWY-7197	pyrimidine deoxyribonucleotide phosphorylation	38901.43874730025	36021.05727520403	46017.65223755861	51716.45593290476	44109.29953163186	41263.95224676646
PWY-7198	pyrimidine deoxyribonucleotides de novo biosynthesis IV	17.49429632972986	38.47427595742744	12.247726907265362	1.1549803393649545	216.3438517636129	48.95126870903717
PWY-7199	pyrimidine deoxyribonucleosides salvage	44072.31612214293	13894.086578594912	27203.63910684598	28420.444988777257	17322.390680532353	20617.03183697739
PWY-7200	superpathway of pyrimidine deoxyribonucleoside salvage	41356.740958568414	22453.770569115142	34828.03723768376	37021.54861542344	28479.86054097736	27361.981043028787
PWY-7208	superpathway of pyrimidine nucleobases salvage	75093.82365636493	47249.65861045997	62535.61106245437	69891.74042401594	59226.69530601726	56085.46684855076
PWY-7210	pyrimidine deoxyribonucleotides biosynthesis from CTP	24.987948256379266	54.94393130560831	17.49488001813643	1.6499547577275613	308.55813767133264	69.88575429498302
PWY-7211	superpathway of pyrimidine deoxyribonucleotides de novo biosynthesis	44080.84664184848	42244.88784790405	50240.13032478531	52113.578989119895	52103.39230641837	38076.24617169287
PWY-7219	adenosine ribonucleotides de novo biosynthesis	70351.5013506784	44417.02086698405	57511.49621140662	62845.57033769786	55290.21833736338	49523.59383088488
PWY-722	nicotinate degradation I	459.2777124470158	283.8827301184506	1016.5597287435504	613.3986758216472	613.8304876195153	355.59250452257885
PWY-7220	adenosine deoxyribonucleotides de novo biosynthesis II	39346.74464700842	46415.18676312005	58364.41854443378	63692.73797159671	57739.83812387583	49844.81574208619
PWY-7221	guanosine ribonucleotides de novo biosynthesis	62854.479687874446	43427.80572080398	53751.95289736667	58571.68268083804	53370.1568163429	46410.412630913925
PWY-7222	guanosine deoxyribonucleotides de novo biosynthesis II	39346.74464700842	46415.18676312005	58364.41854443378	63692.73797159671	57739.83812387583	49844.81574208619
PWY-7228	superpathway of guanosine nucleotides de novo biosynthesis I	48640.757227981536	46260.51039840742	56888.98028498576	62020.24633894338	57062.21932297071	48894.00290960352
PWY-7229	superpathway of adenosine nucleotides de novo biosynthesis I	59802.54529738467	47094.00296071926	59861.04301994158	65288.5872382707	58607.679451714816	51302.39123126232
PWY-7234	inosine-5'-phosphate biosynthesis III	39509.77926057005	36580.563220789634	47362.66897360602	52905.15927553206	46189.19853749065	42084.49527649189
PWY-7237	myo-, chiro- and scillo-inositol degradation	3095.99	5727.53	8063.330000000003	4522.450000000001	6215.72	2810.67
PWY-7242	D-fructuronate degradation	25400.25770381239	16961.592075043718	34534.85119160234	39416.87943434056	25222.27202759638	33872.48691374469
PWY-7254	TCA cycle VII (acetate-producers)	30252.461665530045	40218.88758927336	50837.13348577155	57786.93755721054	51600.77060554752	44826.19460002069
PWY-7255	ergothioneine biosynthesis I (bacteria)	3149.137370971333	850.1983630137875	4712.209611639468	5062.763768448757	805.9213395078058	1294.9603857909565
PWY-7274	D-cycloserine biosynthesis	0.0	9.367698752341408	0.0	0.0	0.0	0.0
PWY-7286	7-(3-amino-3-carboxypropyl)-wyosine biosynthesis	269.33321902849434	59.97563849475132	675.4720320093946	149.22759511966387	380.8779610098792	163.8389212997355
PWY-7295	L-arabinose degradation IV	915.2065173246008	8045.166352740838	2393.3539667693003	1895.341997000898	10934.179326547011	767.3176499662444
PWY-7315	dTDP-N-acetylthomosamine biosynthesis	1779.4329168203344	3143.8187809571896	6154.155492213959	2241.207727490528	2512.6748179625797	1191.4638778227895
PWY-7323	superpathway of GDP-mannose-derived O-antigen building blocks biosynthesis	41094.74283989513	29671.422627396096	43497.09589797398	46040.09157532815	43247.39934092904	36705.04920848448
PWY-7328	superpathway of UDP-glucose-derived O-antigen building blocks biosynthesis	9498.976408316426	22171.51435570656	19936.279337431588	17586.587491099002	28970.52037505424	8180.956310153969
PWY-7332	superpathway of UDP-N-acetylglucosamine-derived O-antigen building blocks biosynthesis	967.0784035058832	927.6270463294526	3935.655638586108	1290.7008846192846	625.5072836861395	420.9925029241322
PWY-7347	sucrose biosynthesis III	84.48544290303128	115.18910642835124	260.4729199486191	49.14885445405778	87.52747303045702	73.32105215082854
PWY-7371	1,4-dihydroxy-6-naphthoate biosynthesis II	11032.218487125028	5453.276642739272	15622.506655149196	25211.83331956092	9685.53220936154	24911.333056815376
PWY-7373	superpathway of demethylmenaquinol-6 biosynthesis II	109.18351508312942	72.15674897908434	418.11536307638727	44.3813279612712	191.12878572678048	131.47749596255622
PWY-7374	1,4-dihydroxy-6-naphthoate biosynthesis I	10990.426966174473	5385.837777763318	15524.99958225916	25132.42660893773	9705.621225459372	24551.15421712294
PWY-7376	cob(II)yrinate a,c-diamide biosynthesis II (late cobalt incorporation)	9812.917784579253	14171.210821991946	15306.919429461308	13819.176282475277	14519.57256519727	8288.007009567704
PWY-7377	cob(II)yrinate a,c-diamide biosynthesis I (early cobalt insertion)	11579.850173815086	2767.96713793239	6581.60944108982	1214.1618823465703	2108.1639653478883	1806.038695338016
PWY-7391	isoprene biosynthesis II (engineered)	880.2689870850036	418.9863091416856	1808.6055646334191	754.7267258122341	959.2093085438856	513.0625809425928
PWY-7392	taxadiene biosynthesis (engineered)	38026.940550474304	23579.565928561613	40735.44093649596	46995.49708754979	30766.427250075943	38920.16917928851
PWY-7400	L-arginine biosynthesis IV (archaebacteria)	52477.07981198269	39648.875403974605	45213.91042944215	48839.84854283826	49124.30605553759	34688.57110427782
PWY-7431	aromatic biogenic amine degradation (bacteria)	5054.275969727521	11565.408093853322	14233.674600277844	10989.831790746322	15691.065393353423	9058.426947323664
PWY-7446	sulfoglycolysis	244.9561954601123	91.01956949125989	297.7539103765935	215.30198034323135	67.3218395118292	69.89237199475228
PWY-7456	mannan degradation	76.70331070536207	353.1407370264055	596.2260310940793	546.5955180538981	1476.6566871836408	230.18448913583163
PWY-7527	L-methionine salvage cycle III	385.90757342749146	456.1349672706356	1698.8116263578595	135.59880144261265	595.4493355815976	438.5796372440601
PWY-7539	6-hydroxymethyl-dihydropterin diphosphate biosynthesis III (Chlamydia)	32621.69754490061	41481.995950309065	52461.91268506428	57751.12338459881	51427.06948738728	44500.208935446695
PWY-7560	methylerythritol phosphate pathway II	59447.88850610005	36120.59483054862	44988.96566389543	52260.96606794682	45654.71805952145	42346.30025096093
PWY-7616	methanol oxidation to carbon dioxide	2966.2122510350696	3445.0269201354663	5648.550864294635	3866.257454044599	1339.8210857396307	1432.206081433476
PWY-7644	heparin degradation	57.33050847457628	16.934285437767464	297.6479128856625	10.352310783657066	32.87003750161645	6.940017905102954
PWY-7663	gondoate biosynthesis (anaerobic)	84522.64339335427	74213.4384820475	81869.04097382542	108057.15611404247	98192.69315614492	93572.87082548936
PWY-7664	oleate biosynthesis IV (anaerobic)	66357.58571259512	68395.67930100417	79667.8562542918	99691.65204735572	90027.77720424758	84758.27052309555
PWY-841	superpathway of purine nucleotides de novo biosynthesis I	55507.01692369906	43557.03098537542	55307.27797866257	60314.983140132535	54060.41952815109	47358.261702481206
PWY-922	mevalonate pathway I	1158.075420356371	818.4681831683466	2597.770476417809	1024.534584258213	1216.7408680469057	617.0880920900962
PWY0-1061	superpathway of L-alanine biosynthesis	21731.39316276401	38093.45299179717	36565.98726268756	34603.99786070349	45080.41081729453	13555.008740887986
PWY0-1241	ADP-L-glycero-&beta;-D-manno-heptose biosynthesis	5032.800152897646	5708.889427135549	8893.157026691037	5575.311007065805	6315.769939573268	2873.2608428606104
PWY0-1261	anhydromuropeptides recycling	40759.73423717738	35926.36465265559	51716.65170446896	55808.28915967367	50854.9106570198	42357.39345109966
PWY0-1277	3-phenylpropanoate and 3-(3-hydroxyphenyl)propanoate degradation	1463.8797417644098	1375.6997767297178	3723.665941874565	2253.5533492861227	1168.0511660910695	789.5187838167401
PWY0-1296	purine ribonucleosides degradation	24404.55252614522	8442.279256942747	16118.512596940394	20342.234816333163	12566.119419326686	15780.89231218665
PWY0-1297	superpathway of purine deoxyribonucleosides degradation	26752.268071145994	11430.410346968449	19421.738470914377	17670.04399794951	13298.152263705835	10643.98299187497
PWY0-1298	superpathway of pyrimidine deoxyribonucleosides degradation	18768.20360617195	9211.86500018429	16004.1509324508	14529.553739542993	11122.890386566303	8732.547406874019
PWY0-1319	CDP-diacylglycerol biosynthesis II	75453.96290446796	59191.584676923005	65593.68996121433	71326.79013939407	70628.58064485512	56257.39918350594
PWY0-1338	polymyxin resistance	528.5724090207689	821.5756772597143	1730.0050684967237	517.3016065142455	890.037008963719	282.0758366769638
PWY0-1415	superpathway of heme biosynthesis from uroporphyrinogen-III	8476.516324561973	8479.963268066314	15448.318380474948	13593.419468090611	7021.483932061488	8684.978218011627
PWY0-1479	tRNA processing	13540.368932157677	30221.94443182813	23709.38438305494	23786.03895091632	35874.08336153386	10650.880304053157
PWY0-1533	methylphosphonate degradation I	3803.293280225499	14090.061570249214	12862.377197023508	13551.213679734064	20782.797969625	11517.9833714754
PWY0-1586	peptidoglycan maturation (meso-diaminopimelate containing)	37073.33072652923	40645.144285074224	52624.353363203416	61403.71897014806	49796.389198593424	51701.63816347168
PWY0-162	superpathway of pyrimidine ribonucleotides de novo biosynthesis	56581.58809067869	44560.80554125478	57200.2043398835	63292.63395141567	55513.712434169465	50218.96951210924
PWY0-166	superpathway of pyrimidine deoxyribonucleotides de novo biosynthesis (E. coli)	38763.48980311455	37035.1364199778	40942.93880940291	40118.50902784696	45367.32107523113	27589.211179133268
PWY0-321	phenylacetate degradation I (aerobic)	3724.130192036365	5354.565204084808	11090.148331602491	11320.08901635605	9165.566264161129	10680.884071374152
PWY0-41	allantoin degradation IV (anaerobic)	103.06069742035892	210.5976636722425	490.11719705706565	136.06798636576065	712.4901290981824	110.26728385282613
PWY0-42	2-methylcitrate cycle I	13678.254625148658	26013.36642505776	21728.437899290817	30438.615765616058	32421.533120803197	26365.503660796232
PWY0-781	aspartate superpathway	41663.39425956245	33070.595760445314	43259.81575684116	46665.46606253068	41222.28533894787	35841.67988094678
PWY0-845	superpathway of pyridoxal 5'-phosphate biosynthesis and salvage	7564.254834426262	13907.336276920776	18828.653945542224	15955.581389275729	17899.649475460694	11869.180719364396
PWY0-862	(5Z)-dodec-5-enoate biosynthesis	62605.16824347277	64992.97850026978	76985.65718608405	95606.69516824628	85560.50554166202	80984.66523486577
PWY1G-0	mycothiol biosynthesis	2396.307784514479	2078.755975047576	4335.849035428676	3913.634834263384	901.3482693897544	1335.981560980762
PWY490-3	nitrate reduction VI (assimilatory)	10896.627876191696	1727.21365094438	4657.3181370816055	5898.896665726358	4761.912323203897	7425.803360814014
PWY4FS-7	phosphatidylglycerol biosynthesis I (plastidic)	65318.50615737896	44311.66213893573	49444.89913020545	50435.57477341254	52324.11889188676	34547.24443217322
PWY4FS-8	phosphatidylglycerol biosynthesis II (non-plastidic)	65318.50615737896	44311.66213893573	49444.89913020545	50435.57477341254	52324.11889188676	34547.24443217322
PWY5F9-12	biphenyl degradation	0.0	0.0	0.0	0.0	0.0	0.4898335672749147
PWYG-321	mycolate biosynthesis	68016.64936825579	73550.1075715666	83696.07622941367	105556.48450471598	96605.16796698568	89701.30487839092
PYRIDNUCSAL-PWY	NAD salvage pathway I	34254.63374029786	33028.07099719497	38421.893480379695	48489.99429448286	43104.18593289408	41852.21062207034
PYRIDNUCSYN-PWY	NAD biosynthesis I (from aspartate)	56390.06167091993	31549.069537744992	40398.91886454527	48612.45833205298	40395.47887955182	40162.187238563936
PYRIDOXSYN-PWY	pyridoxal 5'-phosphate biosynthesis I	15008.899907857236	13966.442580969906	27378.879146871768	27478.59695410101	17114.86236830203	13977.405345332136
REDCITCYC	TCA cycle VIII (helicobacter)	30103.414022764267	36376.553180332616	52629.04388092736	56801.15091470027	45088.44313011076	43146.772445513416
RHAMCAT-PWY	L-rhamnose degradation I	1708.0865882854036	1698.2300973534498	3347.045919888755	2014.4828046306168	3195.2949797802034	2117.3811215076253
RIBOSYN2-PWY	flavin biosynthesis I (bacteria and plants)	56153.89497892708	39559.62167701761	49529.89270604646	54303.7501943714	48510.81210473541	42562.93826096745
RUMP-PWY	formaldehyde oxidation I	694.93369030965	1030.283992036556	2721.566541680584	370.8206996132535	1121.1800054179384	1916.3862825842864
SALVADEHYPOX-PWY	adenosine nucleotides degradation II	32754.2370061799	47266.82810841371	45725.78973007466	53571.89709912231	50175.36218366877	45465.83019913327
SER-GLYSYN-PWY	superpathway of L-serine and glycine biosynthesis I	60116.64486740357	42790.28765588002	54792.868922776805	62245.86037716598	53678.971597133735	49518.694406629984
SO4ASSIM-PWY	sulfate reduction I (assimilatory)	21351.68593049927	38841.073292500565	49476.19288759502	53624.58901264326	49336.40255362432	41325.70291488811
SUCSYN-PWY	sucrose biosynthesis I (from photosynthesis)	278.47532807444645	380.9809520344815	850.7588155979988	163.15428477885104	290.4068029959971	240.7221991380229
SULFATE-CYS-PWY	superpathway of sulfate assimilation and cysteine biosynthesis	30046.786636265308	43534.49097019168	55334.428785442105	55800.4970921532	52948.427335044136	40112.331460650144
TCA	TCA cycle I (prokaryotic)	41364.43174101348	59311.68933019943	68225.60215524174	76387.25679483984	73680.172197061	59743.3815668074
TCA-GLYOX-BYPASS	superpathway of glyoxylate bypass and TCA	24190.547136388333	45374.784370664456	46450.31734560789	50639.27955881087	54631.2953881664	34310.14976071474
TEICHOICACID-PWY	teichoic acid (poly-glycerol) biosynthesis	506.8375802511312	2137.001957296248	2469.986656854988	1463.7712356868124	1734.9108913524262	2004.3458047617603
THISYN-PWY	superpathway of thiamin diphosphate biosynthesis I	35912.78491799148	31387.86953176971	48317.06711084252	59395.42536363919	42613.83071729503	49731.469179679945
THREOCAT-PWY	superpathway of L-threonine metabolism	453.26083917807375	161.15449210846447	1448.7959946017186	91.6752021200615	459.1071990238941	673.3734497480079
THRESYN-PWY	superpathway of L-threonine biosynthesis	66355.93304410107	42134.25619132084	60120.91830594159	67396.51654860187	53253.59081926941	54502.732253938935
TRNA-CHARGING-PWY	tRNA charging	53482.68335573073	38780.55214364929	48527.74171019588	53628.421409056646	48724.97333217933	42519.86345511262
TRPSYN-PWY	L-tryptophan biosynthesis	26563.262123224795	40666.612082177264	52092.27098062464	58382.655987980426	51567.79278072738	46157.45050570736
TYRFUMCAT-PWY	L-tyrosine degradation I	17150.192988564097	28278.43766927181	27762.432445212944	27734.44688860909	38526.78218904579	20171.4712519393
UBISYN-PWY	superpathway of ubiquinol-8 biosynthesis (prokaryotic)	16592.841022822562	38013.35000832922	34961.05027995037	35856.43542265653	49375.14714005025	24721.18088708918
UDPNAGSYN-PWY	UDP-N-acetyl-D-glucosamine biosynthesis I	32897.38558840872	39408.68783250444	38336.38701161712	36132.82784370791	47417.412880892094	24176.994688177565
VALDEG-PWY	L-valine degradation I	77.89572847793602	21.98457307602121	207.55808599352224	55.98258824030491	52.98556651300807	55.973600883579735
VALSYN-PWY	L-valine biosynthesis	85314.33583405221	63321.33081314293	88329.05161657228	104606.88901532648	87656.32040266557	87373.76173689516
